antecedents,consequents,antecedent support,consequent support,support,confidence,lift,leverage,conviction
frozenset({'avocado'}),frozenset({'mineral water'}),0.0332,0.23826666666666665,0.011466666666666667,0.3453815261044177,1.449558727354859,0.003556213333333334,1.163629447852761
frozenset({'mineral water'}),frozenset({'avocado'}),0.23826666666666665,0.0332,0.011466666666666667,0.04812534974818131,1.449558727354859,0.003556213333333334,1.0156799529688418
frozenset({'cake'}),frozenset({'burgers'}),0.08106666666666666,0.0872,0.011466666666666667,0.14144736842105263,1.6221028488652824,0.004397653333333334,1.063184674329502
frozenset({'burgers'}),frozenset({'cake'}),0.0872,0.08106666666666666,0.011466666666666667,0.13149847094801223,1.6221028488652824,0.004397653333333334,1.058067605633803
frozenset({'chocolate'}),frozenset({'burgers'}),0.16386666666666666,0.0872,0.017066666666666667,0.10414971521562247,1.194377468069065,0.0027774933333333356,1.0189202543142597
frozenset({'burgers'}),frozenset({'chocolate'}),0.0872,0.16386666666666666,0.017066666666666667,0.19571865443425077,1.1943774680690649,0.0027774933333333356,1.039603041825095
frozenset({'eggs'}),frozenset({'burgers'}),0.17973333333333333,0.0872,0.0288,0.16023738872403562,1.8375847330738029,0.013127253333333332,1.086973851590106
frozenset({'burgers'}),frozenset({'eggs'}),0.0872,0.17973333333333333,0.0288,0.3302752293577982,1.837584733073803,0.013127253333333332,1.2247817351598174
frozenset({'french fries'}),frozenset({'burgers'}),0.17093333333333333,0.0872,0.022,0.12870514820592824,1.4759764702514706,0.007094613333333333,1.0476361683079678
frozenset({'burgers'}),frozenset({'french fries'}),0.0872,0.17093333333333333,0.022,0.25229357798165136,1.4759764702514706,0.007094613333333333,1.1088130879345601
frozenset({'frozen vegetables'}),frozenset({'burgers'}),0.09533333333333334,0.0872,0.010533333333333334,0.11048951048951049,1.2670815423109,0.0022202666666666666,1.026182389937107
frozenset({'burgers'}),frozenset({'frozen vegetables'}),0.0872,0.09533333333333334,0.010533333333333334,0.12079510703363915,1.2670815423109,0.0022202666666666666,1.0289599999999999
frozenset({'burgers'}),frozenset({'green tea'}),0.0872,0.132,0.017466666666666665,0.2003058103975535,1.5174682605875265,0.005956266666666665,1.085414913957935
frozenset({'green tea'}),frozenset({'burgers'}),0.132,0.0872,0.017466666666666665,0.13232323232323231,1.5174682605875265,0.005956266666666665,1.0520046565774157
frozenset({'ground beef'}),frozenset({'burgers'}),0.09826666666666667,0.0872,0.012,0.12211668928086838,1.4004207486338118,0.0034311466666666676,1.0397737248840804
frozenset({'burgers'}),frozenset({'ground beef'}),0.0872,0.09826666666666667,0.012,0.13761467889908258,1.4004207486338118,0.0034311466666666676,1.0456269503546098
frozenset({'milk'}),frozenset({'burgers'}),0.1296,0.0872,0.017866666666666666,0.13786008230452676,1.5809642466115454,0.0065655466666666665,1.0587608591885442
frozenset({'burgers'}),frozenset({'milk'}),0.0872,0.1296,0.017866666666666666,0.20489296636085627,1.5809642466115454,0.0065655466666666665,1.0946953846153846
frozenset({'mineral water'}),frozenset({'burgers'}),0.23826666666666665,0.0872,0.0244,0.10240626748740908,1.1743838014611132,0.0036231466666666705,1.0169411471321697
frozenset({'burgers'}),frozenset({'mineral water'}),0.0872,0.23826666666666665,0.0244,0.27981651376146793,1.1743838014611134,0.0036231466666666705,1.0576934182590234
frozenset({'pancakes'}),frozenset({'burgers'}),0.09506666666666666,0.0872,0.010533333333333334,0.11079943899018234,1.270635768236036,0.0022435200000000006,1.0265400630914827
frozenset({'burgers'}),frozenset({'pancakes'}),0.0872,0.09506666666666666,0.010533333333333334,0.12079510703363915,1.270635768236036,0.0022435200000000006,1.029263304347826
frozenset({'spaghetti'}),frozenset({'burgers'}),0.17413333333333333,0.0872,0.021466666666666665,0.1232771822358346,1.413729154080672,0.006282239999999998,1.0411500436681222
frozenset({'burgers'}),frozenset({'spaghetti'}),0.0872,0.17413333333333333,0.021466666666666665,0.24617737003058102,1.413729154080672,0.006282239999999998,1.0955716024340771
frozenset({'turkey'}),frozenset({'burgers'}),0.06253333333333333,0.0872,0.010666666666666666,0.17057569296375266,1.9561432679329434,0.00521376,1.1005223650385605
frozenset({'burgers'}),frozenset({'turkey'}),0.0872,0.06253333333333333,0.010666666666666666,0.12232415902140673,1.9561432679329436,0.00521376,1.0681240418118467
frozenset({'chocolate'}),frozenset({'cake'}),0.16386666666666666,0.08106666666666666,0.0136,0.08299430431244914,1.0237784249068562,0.0003158755555555566,1.002102099970423
frozenset({'cake'}),frozenset({'chocolate'}),0.08106666666666666,0.16386666666666666,0.0136,0.16776315789473684,1.0237784249068562,0.0003158755555555566,1.004681949934124
frozenset({'cake'}),frozenset({'eggs'}),0.08106666666666666,0.17973333333333333,0.019066666666666666,0.23519736842105263,1.3085906996720287,0.0044962844444444445,1.0725207168458781
frozenset({'eggs'}),frozenset({'cake'}),0.17973333333333333,0.08106666666666666,0.019066666666666666,0.10608308605341246,1.308590699672029,0.0044962844444444445,1.027985172890733
frozenset({'cake'}),frozenset({'french fries'}),0.08106666666666666,0.17093333333333333,0.017866666666666666,0.22039473684210528,1.2893607849577142,0.004009671111111113,1.0634441631504923
frozenset({'french fries'}),frozenset({'cake'}),0.17093333333333333,0.08106666666666666,0.017866666666666666,0.10452418096723869,1.2893607849577142,0.004009671111111113,1.0261955865272938
frozenset({'frozen vegetables'}),frozenset({'cake'}),0.09533333333333334,0.08106666666666666,0.010266666666666667,0.10769230769230768,1.3284412955465588,0.0025383111111111113,1.0298390804597701
frozenset({'cake'}),frozenset({'frozen vegetables'}),0.08106666666666666,0.09533333333333334,0.010266666666666667,0.12664473684210528,1.3284412955465588,0.0025383111111111113,1.0358518518518518
frozenset({'cake'}),frozenset({'green tea'}),0.08106666666666666,0.132,0.014133333333333333,0.1743421052631579,1.3207735247208932,0.003432533333333333,1.0512828685258966
frozenset({'green tea'}),frozenset({'cake'}),0.132,0.08106666666666666,0.014133333333333333,0.10707070707070707,1.3207735247208932,0.003432533333333333,1.0291221719457015
frozenset({'cake'}),frozenset({'milk'}),0.08106666666666666,0.1296,0.013333333333333334,0.16447368421052633,1.2690870695256662,0.002827093333333336,1.0417385826771655
frozenset({'milk'}),frozenset({'cake'}),0.1296,0.08106666666666666,0.013333333333333334,0.10288065843621401,1.2690870695256664,0.002827093333333336,1.0243155963302752
frozenset({'mineral water'}),frozenset({'cake'}),0.23826666666666665,0.08106666666666666,0.027466666666666667,0.1152770005595971,1.422002474008188,0.008151182222222223,1.0386678473539954
frozenset({'cake'}),frozenset({'mineral water'}),0.08106666666666666,0.23826666666666665,0.027466666666666667,0.33881578947368424,1.422002474008188,0.008151182222222223,1.1520742951907132
frozenset({'cake'}),frozenset({'pancakes'}),0.08106666666666666,0.09506666666666666,0.011866666666666666,0.14638157894736842,1.539778179670776,0.004159928888888889,1.0601145793192035
frozenset({'pancakes'}),frozenset({'cake'}),0.09506666666666666,0.08106666666666666,0.011866666666666666,0.12482468443197756,1.539778179670776,0.004159928888888889,1.0499991452991453
frozenset({'cake'}),frozenset({'spaghetti'}),0.08106666666666666,0.17413333333333333,0.018133333333333335,0.22368421052631582,1.2845571048601598,0.004016924444444446,1.0638282485875705
frozenset({'spaghetti'}),frozenset({'cake'}),0.17413333333333333,0.08106666666666666,0.018133333333333335,0.10413476263399694,1.2845571048601598,0.004016924444444446,1.0257495156695158
frozenset({'mineral water'}),frozenset({'cereals'}),0.23826666666666665,0.025733333333333334,0.010266666666666667,0.04308897593732513,1.674442070103308,0.004135271111111112,1.0181371539961013
frozenset({'cereals'}),frozenset({'mineral water'}),0.025733333333333334,0.23826666666666665,0.010266666666666667,0.3989637305699482,1.6744420701033083,0.004135271111111112,1.267366666666667
frozenset({'champagne'}),frozenset({'chocolate'}),0.0468,0.16386666666666666,0.0116,0.24786324786324784,1.5125910162525296,0.003931039999999999,1.1116772727272728
frozenset({'chocolate'}),frozenset({'champagne'}),0.16386666666666666,0.0468,0.0116,0.07078925956061839,1.5125910162525298,0.003931039999999999,1.0258168126094571
frozenset({'chicken'}),frozenset({'chocolate'}),0.06,0.16386666666666666,0.014666666666666666,0.24444444444444444,1.4917276918904259,0.004834666666666668,1.1066470588235295
frozenset({'chocolate'}),frozenset({'chicken'}),0.16386666666666666,0.06,0.014666666666666666,0.08950366151342555,1.4917276918904259,0.004834666666666668,1.0324039320822163
frozenset({'chicken'}),frozenset({'eggs'}),0.06,0.17973333333333333,0.0144,0.24,1.3353115727002967,0.003616000000000001,1.0792982456140352
frozenset({'eggs'}),frozenset({'chicken'}),0.17973333333333333,0.06,0.0144,0.08011869436201781,1.3353115727002969,0.003616000000000001,1.0218709677419353
frozenset({'chicken'}),frozenset({'french fries'}),0.06,0.17093333333333333,0.011066666666666667,0.18444444444444447,1.0790431617264693,0.0008106666666666679,1.0165667574931878
frozenset({'french fries'}),frozenset({'chicken'}),0.17093333333333333,0.06,0.011066666666666667,0.06474258970358815,1.0790431617264693,0.0008106666666666679,1.005070892410342
frozenset({'chicken'}),frozenset({'green tea'}),0.06,0.132,0.011866666666666666,0.19777777777777777,1.4983164983164983,0.003946666666666666,1.0819944598337952
frozenset({'green tea'}),frozenset({'chicken'}),0.132,0.06,0.011866666666666666,0.0898989898989899,1.4983164983164983,0.003946666666666666,1.0328523862375139
frozenset({'chicken'}),frozenset({'milk'}),0.06,0.1296,0.0148,0.24666666666666667,1.903292181069959,0.007024000000000002,1.1553982300884957
frozenset({'milk'}),frozenset({'chicken'}),0.1296,0.06,0.0148,0.11419753086419754,1.903292181069959,0.007024000000000002,1.061184668989547
frozenset({'chicken'}),frozenset({'mineral water'}),0.06,0.23826666666666665,0.0228,0.38,1.594851706771125,0.008504000000000003,1.2286021505376346
frozenset({'mineral water'}),frozenset({'chicken'}),0.23826666666666665,0.06,0.0228,0.09569110240626749,1.594851706771125,0.008504000000000003,1.039467821782178
frozenset({'chicken'}),frozenset({'spaghetti'}),0.06,0.17413333333333333,0.0172,0.2866666666666667,1.64624808575804,0.006752000000000001,1.1577570093457943
frozenset({'spaghetti'}),frozenset({'chicken'}),0.17413333333333333,0.06,0.0172,0.09877488514548238,1.6462480857580397,0.006752000000000001,1.0430246389124893
frozenset({'chocolate'}),frozenset({'cookies'}),0.16386666666666666,0.0804,0.0104,0.06346623270951994,0.7893810038497505,-0.0027748800000000004,0.9819186794092093
frozenset({'cookies'}),frozenset({'chocolate'}),0.0804,0.16386666666666666,0.0104,0.12935323383084577,0.7893810038497504,-0.0027748800000000004,0.9603588571428572
frozenset({'cooking oil'}),frozenset({'chocolate'}),0.05106666666666667,0.16386666666666666,0.0136,0.2663185378590078,1.6252148364056618,0.005231875555555555,1.139640806642942
frozenset({'chocolate'}),frozenset({'cooking oil'}),0.16386666666666666,0.05106666666666667,0.0136,0.08299430431244914,1.625214836405662,0.005231875555555555,1.034817272996155
frozenset({'chocolate'}),frozenset({'eggs'}),0.16386666666666666,0.17973333333333333,0.0332,0.20260374288039057,1.127246343919087,0.003747697777777781,1.0286813605442178
frozenset({'eggs'}),frozenset({'chocolate'}),0.17973333333333333,0.16386666666666666,0.0332,0.1847181008902077,1.127246343919087,0.003747697777777781,1.0255757355171369
frozenset({'chocolate'}),frozenset({'escalope'}),0.16386666666666666,0.07933333333333334,0.0176,0.10740439381611067,1.353836896841731,0.0045999111111111116,1.0314487997569128
frozenset({'escalope'}),frozenset({'chocolate'}),0.07933333333333334,0.16386666666666666,0.0176,0.2218487394957983,1.353836896841731,0.0045999111111111116,1.0745125989920807
frozenset({'chocolate'}),frozenset({'french fries'}),0.16386666666666666,0.17093333333333333,0.0344,0.20992676973148902,1.2281207277583213,0.006389724444444446,1.049354205286646
frozenset({'french fries'}),frozenset({'chocolate'}),0.17093333333333333,0.16386666666666666,0.0344,0.20124804992199688,1.228120727758321,0.006389724444444446,1.0467997395833333
frozenset({'frozen smoothie'}),frozenset({'chocolate'}),0.0632,0.16386666666666666,0.014933333333333333,0.2362869198312236,1.4419462154061653,0.00457696,1.0948265193370166
frozenset({'chocolate'}),frozenset({'frozen smoothie'}),0.16386666666666666,0.0632,0.014933333333333333,0.09113100081366965,1.4419462154061653,0.00457696,1.0307316025067144
frozenset({'frozen vegetables'}),frozenset({'chocolate'}),0.09533333333333334,0.16386666666666666,0.022933333333333333,0.24055944055944053,1.4680193687516714,0.007311377777777777,1.1009858809085329
frozenset({'chocolate'}),frozenset({'frozen vegetables'}),0.16386666666666666,0.09533333333333334,0.022933333333333333,0.13995117982099267,1.4680193687516714,0.007311377777777777,1.0518782718385367
frozenset({'chocolate'}),frozenset({'grated cheese'}),0.16386666666666666,0.0524,0.010933333333333333,0.06672091131000814,1.2732998341604607,0.00234672,1.0153447253705319
frozenset({'grated cheese'}),frozenset({'chocolate'}),0.0524,0.16386666666666666,0.010933333333333333,0.20865139949109412,1.2732998341604604,0.00234672,1.0565929260450162
frozenset({'chocolate'}),frozenset({'green tea'}),0.16386666666666666,0.132,0.023466666666666667,0.1432058584214809,1.0848928668294007,0.001836266666666666,1.0130788224121559
frozenset({'green tea'}),frozenset({'chocolate'}),0.132,0.16386666666666666,0.023466666666666667,0.17777777777777778,1.0848928668294007,0.001836266666666666,1.016918918918919
frozenset({'chocolate'}),frozenset({'ground beef'}),0.16386666666666666,0.09826666666666667,0.023066666666666666,0.14076484947111473,1.432478115377694,0.006964035555555553,1.0494604797979796
frozenset({'ground beef'}),frozenset({'chocolate'}),0.09826666666666667,0.16386666666666666,0.023066666666666666,0.23473541383989144,1.432478115377694,0.006964035555555553,1.0926068557919622
frozenset({'chocolate'}),frozenset({'low fat yogurt'}),0.16386666666666666,0.0764,0.0148,0.0903173311635476,1.1821640204652828,0.002280586666666669,1.015299105545617
frozenset({'low fat yogurt'}),frozenset({'chocolate'}),0.0764,0.16386666666666666,0.0148,0.193717277486911,1.1821640204652828,0.002280586666666669,1.0370225108225108
frozenset({'chocolate'}),frozenset({'milk'}),0.16386666666666666,0.1296,0.03213333333333333,0.19609438567941417,1.5130739635757267,0.010896213333333335,1.0827141700404859
frozenset({'milk'}),frozenset({'chocolate'}),0.1296,0.16386666666666666,0.03213333333333333,0.24794238683127573,1.5130739635757267,0.010896213333333335,1.1117942544459647
frozenset({'chocolate'}),frozenset({'mineral water'}),0.16386666666666666,0.23826666666666665,0.05266666666666667,0.32139951179820997,1.3489067367020564,0.013622702222222227,1.1225063149480419
frozenset({'mineral water'}),frozenset({'chocolate'}),0.23826666666666665,0.16386666666666666,0.05266666666666667,0.22104085058757697,1.3489067367020564,0.013622702222222227,1.0733981800766283
frozenset({'chocolate'}),frozenset({'olive oil'}),0.16386666666666666,0.06573333333333334,0.0164,0.10008136696501221,1.5225360085955204,0.005628497777777779,1.0381679324894515
frozenset({'olive oil'}),frozenset({'chocolate'}),0.06573333333333334,0.16386666666666666,0.0164,0.24949290060851928,1.5225360085955204,0.005628497777777779,1.1140911711711712
frozenset({'chocolate'}),frozenset({'pancakes'}),0.16386666666666666,0.09506666666666666,0.019866666666666668,0.12123677786818553,1.2752816746302826,0.004288408888888892,1.0297806172839508
frozenset({'pancakes'}),frozenset({'chocolate'}),0.09506666666666666,0.16386666666666666,0.019866666666666668,0.20897615708274897,1.2752816746302826,0.004288408888888892,1.0570267139479907
frozenset({'salmon'}),frozenset({'chocolate'}),0.0424,0.16386666666666666,0.010666666666666666,0.25157232704402516,1.535225754947265,0.00371872,1.1171865546218487
frozenset({'chocolate'}),frozenset({'salmon'}),0.16386666666666666,0.0424,0.010666666666666666,0.06509357200976404,1.535225754947265,0.00371872,1.0242736292428198
frozenset({'chocolate'}),frozenset({'shrimp'}),0.16386666666666666,0.07133333333333333,0.018,0.10984540276647681,1.5398888238291142,0.006310844444444444,1.0432644728823888
frozenset({'shrimp'}),frozenset({'chocolate'}),0.07133333333333333,0.16386666666666666,0.018,0.2523364485981308,1.539888823829114,0.006310844444444444,1.1183283333333334
frozenset({'chocolate'}),frozenset({'soup'}),0.16386666666666666,0.05053333333333333,0.010133333333333333,0.061838893409275834,1.223724803613638,0.0018526044444444438,1.012050766117375
frozenset({'soup'}),frozenset({'chocolate'}),0.05053333333333333,0.16386666666666666,0.010133333333333333,0.20052770448548812,1.223724803613638,0.0018526044444444438,1.0458565456545654
frozenset({'chocolate'}),frozenset({'spaghetti'}),0.16386666666666666,0.17413333333333333,0.0392,0.23921887713588283,1.3737684368446563,0.01066535111111111,1.085550944741533
frozenset({'spaghetti'}),frozenset({'chocolate'}),0.17413333333333333,0.16386666666666666,0.0392,0.225114854517611,1.3737684368446563,0.01066535111111111,1.0790416337285904
frozenset({'tomatoes'}),frozenset({'chocolate'}),0.0684,0.16386666666666666,0.014,0.2046783625730994,1.24905428746806,0.0027915200000000005,1.051314705882353
frozenset({'chocolate'}),frozenset({'tomatoes'}),0.16386666666666666,0.0684,0.014,0.0854353132628153,1.24905428746806,0.0027915200000000005,1.0186266903914591
frozenset({'chocolate'}),frozenset({'turkey'}),0.16386666666666666,0.06253333333333333,0.011333333333333334,0.0691619202603743,1.1060008570422328,0.0010862044444444469,1.0071210955710956
frozenset({'turkey'}),frozenset({'chocolate'}),0.06253333333333333,0.16386666666666666,0.011333333333333334,0.18123667377398722,1.1060008570422328,0.0010862044444444469,1.0212149305555556
frozenset({'chocolate'}),frozenset({'whole wheat rice'}),0.16386666666666666,0.05853333333333333,0.012,0.07323026851098455,1.2510865918733123,0.002408337777777778,1.0158582382206613
frozenset({'whole wheat rice'}),frozenset({'chocolate'}),0.05853333333333333,0.16386666666666666,0.012,0.2050113895216401,1.2510865918733123,0.002408337777777778,1.0517551098376314
frozenset({'eggs'}),frozenset({'cookies'}),0.17973333333333333,0.0804,0.010533333333333334,0.058605341246290805,0.728922154804612,-0.003917226666666666,0.9768485421591804
frozenset({'cookies'}),frozenset({'eggs'}),0.0804,0.17973333333333333,0.010533333333333334,0.13101160862354894,0.7289221548046121,-0.003917226666666666,0.9439328244274809
frozenset({'french fries'}),frozenset({'cookies'}),0.17093333333333333,0.0804,0.013333333333333334,0.078003120124805,0.9701880612537935,-0.0004097066666666656,0.9974003384094755
frozenset({'cookies'}),frozenset({'french fries'}),0.0804,0.17093333333333333,0.013333333333333334,0.1658374792703151,0.9701880612537936,-0.0004097066666666656,0.9938910536779324
frozenset({'green tea'}),frozenset({'cookies'}),0.132,0.0804,0.012,0.09090909090909091,1.1307100859339665,0.0013871999999999999,1.01156
frozenset({'cookies'}),frozenset({'green tea'}),0.0804,0.132,0.012,0.1492537313432836,1.1307100859339665,0.0013871999999999999,1.020280701754386
frozenset({'cooking oil'}),frozenset({'eggs'}),0.05106666666666667,0.17973333333333333,0.011733333333333333,0.22976501305483027,1.2783661705572902,0.0025549511111111114,1.064956384180791
frozenset({'eggs'}),frozenset({'cooking oil'}),0.17973333333333333,0.05106666666666667,0.011733333333333333,0.06528189910979229,1.2783661705572902,0.0025549511111111114,1.0152080423280423
frozenset({'cooking oil'}),frozenset({'milk'}),0.05106666666666667,0.1296,0.011466666666666667,0.22454308093994776,1.7325855010798439,0.004848426666666667,1.122435016835017
frozenset({'milk'}),frozenset({'cooking oil'}),0.1296,0.05106666666666667,0.011466666666666667,0.08847736625514403,1.7325855010798439,0.004848426666666667,1.041041986455982
frozenset({'cooking oil'}),frozenset({'mineral water'}),0.05106666666666667,0.23826666666666665,0.020133333333333333,0.3942558746736292,1.6546833016520532,0.007965848888888889,1.2575166666666666
frozenset({'mineral water'}),frozenset({'cooking oil'}),0.23826666666666665,0.05106666666666667,0.020133333333333333,0.08449916060436485,1.6546833016520532,0.007965848888888889,1.0365182559087203
frozenset({'cooking oil'}),frozenset({'spaghetti'}),0.05106666666666667,0.17413333333333333,0.015866666666666668,0.31070496083550914,1.784293419805757,0.006974257777777779,1.198132323232323
frozenset({'spaghetti'}),frozenset({'cooking oil'}),0.17413333333333333,0.05106666666666667,0.015866666666666668,0.09111791730474733,1.784293419805757,0.006974257777777779,1.0440664981746701
frozenset({'eggs'}),frozenset({'escalope'}),0.17973333333333333,0.07933333333333334,0.011066666666666667,0.06157270029673591,0.7761264743286038,-0.003192177777777777,0.9810740447957839
frozenset({'escalope'}),frozenset({'eggs'}),0.07933333333333334,0.17973333333333333,0.011066666666666667,0.13949579831932774,0.7761264743286039,-0.003192177777777777,0.9532395833333334
frozenset({'french fries'}),frozenset({'eggs'}),0.17093333333333333,0.17973333333333333,0.0364,0.21294851794071765,1.1848025849817376,0.005677582222222227,1.0422020482325736
frozenset({'eggs'}),frozenset({'french fries'}),0.17973333333333333,0.17093333333333333,0.0364,0.20252225519287836,1.1848025849817378,0.005677582222222227,1.03961103875969
frozenset({'frozen smoothie'}),frozenset({'eggs'}),0.0632,0.17973333333333333,0.011066666666666667,0.1751054852320675,0.9742515869736694,-0.0002924799999999995,0.9943897698209718
frozenset({'eggs'}),frozenset({'frozen smoothie'}),0.17973333333333333,0.0632,0.011066666666666667,0.06157270029673591,0.9742515869736693,-0.0002924799999999995,0.9982659288537549
frozenset({'frozen vegetables'}),frozenset({'eggs'}),0.09533333333333334,0.17973333333333333,0.021733333333333334,0.22797202797202795,1.2683903633458529,0.004598755555555556,1.0624830917874397
frozenset({'eggs'}),frozenset({'frozen vegetables'}),0.17973333333333333,0.09533333333333334,0.021733333333333334,0.120919881305638,1.268390363345853,0.004598755555555556,1.0291060478199718
frozenset({'eggs'}),frozenset({'green tea'}),0.17973333333333333,0.132,0.025466666666666665,0.14169139465875372,1.07341965650571,0.0017418666666666645,1.0112912705272254
frozenset({'green tea'}),frozenset({'eggs'}),0.132,0.17973333333333333,0.025466666666666665,0.19292929292929292,1.07341965650571,0.0017418666666666645,1.0163504380475594
frozenset({'ground beef'}),frozenset({'eggs'}),0.09826666666666667,0.17973333333333333,0.02,0.20352781546811397,1.1323876973374294,0.0023382044444444465,1.029874843838728
frozenset({'eggs'}),frozenset({'ground beef'}),0.17973333333333333,0.09826666666666667,0.02,0.1112759643916914,1.1323876973374294,0.0023382044444444465,1.0146381747356705
frozenset({'herb & pepper'}),frozenset({'eggs'}),0.049466666666666666,0.17973333333333333,0.012533333333333334,0.2533692722371968,1.4096955057707536,0.003642524444444446,1.0986243080625753
frozenset({'eggs'}),frozenset({'herb & pepper'}),0.17973333333333333,0.049466666666666666,0.012533333333333334,0.06973293768545995,1.4096955057707536,0.003642524444444446,1.0217854332801701
frozenset({'eggs'}),frozenset({'low fat yogurt'}),0.17973333333333333,0.0764,0.0168,0.09347181008902077,1.2234530116363975,0.003068373333333334,1.018832078559738
frozenset({'low fat yogurt'}),frozenset({'eggs'}),0.0764,0.17973333333333333,0.0168,0.2198952879581152,1.2234530116363975,0.003068373333333334,1.051482774049217
frozenset({'eggs'}),frozenset({'milk'}),0.17973333333333333,0.1296,0.0308,0.17136498516320475,1.322260687987691,0.007506560000000002,1.0504021486123547
frozenset({'milk'}),frozenset({'eggs'}),0.1296,0.17973333333333333,0.0308,0.23765432098765435,1.3222606879876913,0.007506560000000002,1.0759773279352227
frozenset({'mineral water'}),frozenset({'eggs'}),0.23826666666666665,0.17973333333333333,0.05093333333333333,0.21376608841634023,1.1893513821383916,0.00810887111111111,1.0432857888493476
frozenset({'eggs'}),frozenset({'mineral water'}),0.17973333333333333,0.23826666666666665,0.05093333333333333,0.28338278931750743,1.1893513821383916,0.00810887111111111,1.0629570738440304
frozenset({'olive oil'}),frozenset({'eggs'}),0.06573333333333334,0.17973333333333333,0.012,0.18255578093306288,1.015703528930246,0.00018552888888888862,1.003452770885029
frozenset({'eggs'}),frozenset({'olive oil'}),0.17973333333333333,0.06573333333333334,0.012,0.06676557863501484,1.0157035289302458,0.00018552888888888862,1.0011060943296237
frozenset({'pancakes'}),frozenset({'eggs'}),0.09506666666666666,0.17973333333333333,0.021733333333333334,0.2286115007012623,1.2719482605782397,0.004646684444444445,1.063363878787879
frozenset({'eggs'}),frozenset({'pancakes'}),0.17973333333333333,0.09506666666666666,0.021733333333333334,0.120919881305638,1.27194826057824,0.004646684444444445,1.0294093952180028
frozenset({'shrimp'}),frozenset({'eggs'}),0.07133333333333333,0.17973333333333333,0.014133333333333333,0.19813084112149532,1.102360021076569,0.0013123555555555558,1.0229432789432789
frozenset({'eggs'}),frozenset({'shrimp'}),0.17973333333333333,0.07133333333333333,0.014133333333333333,0.07863501483679525,1.102360021076569,0.0013123555555555558,1.0079248523886204
frozenset({'spaghetti'}),frozenset({'eggs'}),0.17413333333333333,0.17973333333333333,0.036533333333333334,0.20980091883614088,1.1672899786877275,0.005235768888888888,1.0380506459948322
frozenset({'eggs'}),frozenset({'spaghetti'}),0.17973333333333333,0.17413333333333333,0.036533333333333334,0.20326409495548964,1.1672899786877275,0.005235768888888888,1.0365626319056487
frozenset({'tomatoes'}),frozenset({'eggs'}),0.0684,0.17973333333333333,0.012266666666666667,0.1793372319688109,0.9977961719332952,-2.709333333333376e-05,0.9995173396674585
frozenset({'eggs'}),frozenset({'tomatoes'}),0.17973333333333333,0.0684,0.012266666666666667,0.06824925816023739,0.9977961719332951,-2.709333333333376e-05,0.9998382165605095
frozenset({'turkey'}),frozenset({'eggs'}),0.06253333333333333,0.17973333333333333,0.019466666666666667,0.31130063965884863,1.7320139446894398,0.008227342222222224,1.1910373581011353
frozenset({'eggs'}),frozenset({'turkey'}),0.17973333333333333,0.06253333333333333,0.019466666666666667,0.1083086053412463,1.7320139446894398,0.008227342222222224,1.0513353300055464
frozenset({'eggs'}),frozenset({'whole wheat rice'}),0.17973333333333333,0.05853333333333333,0.010933333333333333,0.06083086053412463,1.0392516036581656,0.00041294222222222274,1.0024463401790416
frozenset({'whole wheat rice'}),frozenset({'eggs'}),0.05853333333333333,0.17973333333333333,0.010933333333333333,0.1867881548974943,1.0392516036581658,0.00041294222222222274,1.0086752567693744
frozenset({'french fries'}),frozenset({'escalope'}),0.17093333333333333,0.07933333333333334,0.0164,0.09594383775351015,1.2093761061366823,0.00283928888888889,1.0183733103249928
frozenset({'escalope'}),frozenset({'french fries'}),0.07933333333333334,0.17093333333333333,0.0164,0.20672268907563027,1.2093761061366826,0.00283928888888889,1.0451158192090395
frozenset({'mineral water'}),frozenset({'escalope'}),0.23826666666666665,0.07933333333333334,0.017066666666666667,0.07162842753217684,0.9028793386408844,-0.0018358222222222206,0.9917006228651798
frozenset({'escalope'}),frozenset({'mineral water'}),0.07933333333333334,0.23826666666666665,0.017066666666666667,0.21512605042016805,0.9028793386408844,-0.0018358222222222206,0.9705167737330479
frozenset({'spaghetti'}),frozenset({'escalope'}),0.17413333333333333,0.07933333333333334,0.014,0.08039816232771822,1.0134222142149356,0.00018542222222222085,1.0011579239522619
frozenset({'escalope'}),frozenset({'spaghetti'}),0.07933333333333334,0.17413333333333333,0.014,0.1764705882352941,1.0134222142149354,0.00018542222222222085,1.0028380952380953
frozenset({'frozen smoothie'}),frozenset({'french fries'}),0.0632,0.17093333333333333,0.014533333333333334,0.229957805907173,1.3453069768360355,0.003730346666666667,1.0766509589041096
frozenset({'french fries'}),frozenset({'frozen smoothie'}),0.17093333333333333,0.0632,0.014533333333333334,0.08502340093603745,1.3453069768360355,0.003730346666666667,1.0238513213981244
frozenset({'frozen vegetables'}),frozenset({'french fries'}),0.09533333333333334,0.17093333333333333,0.019066666666666666,0.19999999999999998,1.1700468018720749,0.0027710222222222212,1.036333333333333
frozenset({'french fries'}),frozenset({'frozen vegetables'}),0.17093333333333333,0.09533333333333334,0.019066666666666666,0.11154446177847113,1.1700468018720747,0.0027710222222222212,1.018246414983904
frozenset({'french fries'}),frozenset({'grated cheese'}),0.17093333333333333,0.0524,0.0104,0.060842433697347896,1.1611151468959522,0.0014430933333333326,1.008989368770764
frozenset({'grated cheese'}),frozenset({'french fries'}),0.0524,0.17093333333333333,0.0104,0.19847328244274806,1.161115146895952,0.0014430933333333326,1.034359365079365
frozenset({'french fries'}),frozenset({'green tea'}),0.17093333333333333,0.132,0.028533333333333334,0.1669266770670827,1.26459603838699,0.005970133333333336,1.041925093632959
frozenset({'green tea'}),frozenset({'french fries'}),0.132,0.17093333333333333,0.028533333333333334,0.21616161616161617,1.26459603838699,0.005970133333333336,1.057701030927835
frozenset({'french fries'}),frozenset({'ground beef'}),0.17093333333333333,0.09826666666666667,0.013866666666666666,0.0811232449297972,0.8255418412123188,-0.002930382222222222,0.9813430673457837
frozenset({'ground beef'}),frozenset({'french fries'}),0.09826666666666667,0.17093333333333333,0.013866666666666666,0.14111261872455902,0.8255418412123188,-0.002930382222222222,0.965279831490258
frozenset({'french fries'}),frozenset({'low fat yogurt'}),0.17093333333333333,0.0764,0.013333333333333334,0.078003120124805,1.0209832477068717,0.0002740266666666682,1.0017387478849409
frozenset({'low fat yogurt'}),frozenset({'french fries'}),0.0764,0.17093333333333333,0.013333333333333334,0.17452006980802795,1.0209832477068719,0.0002740266666666682,1.0043450317124736
frozenset({'french fries'}),frozenset({'milk'}),0.17093333333333333,0.1296,0.023733333333333332,0.13884555382215288,1.0713391498622908,0.0015803733333333327,1.010736231884058
frozenset({'milk'}),frozenset({'french fries'}),0.1296,0.17093333333333333,0.023733333333333332,0.1831275720164609,1.0713391498622908,0.0015803733333333327,1.014927959697733
frozenset({'mineral water'}),frozenset({'french fries'}),0.23826666666666665,0.17093333333333333,0.03373333333333333,0.14157806379406826,0.8282648037874508,-0.00699438222222222,0.9658032159930464
frozenset({'french fries'}),frozenset({'mineral water'}),0.17093333333333333,0.23826666666666665,0.03373333333333333,0.19734789391575663,0.8282648037874509,-0.00699438222222222,0.9490205377389052
frozenset({'pancakes'}),frozenset({'french fries'}),0.09506666666666666,0.17093333333333333,0.020133333333333333,0.21178120617110802,1.2389696148855773,0.003883271111111114,1.0518230130486357
frozenset({'french fries'}),frozenset({'pancakes'}),0.17093333333333333,0.09506666666666666,0.020133333333333333,0.11778471138845555,1.2389696148855773,0.003883271111111114,1.0257511346890658
frozenset({'shrimp'}),frozenset({'french fries'}),0.07133333333333333,0.17093333333333333,0.01,0.14018691588785048,0.8201262629944451,-0.0021932444444444435,0.9642405797101449
frozenset({'french fries'}),frozenset({'shrimp'}),0.17093333333333333,0.07133333333333333,0.01,0.05850234009360375,0.8201262629944451,-0.0021932444444444435,0.9863717205191936
frozenset({'french fries'}),frozenset({'spaghetti'}),0.17093333333333333,0.17413333333333333,0.0276,0.16146645865834633,0.9272576109782522,-0.0021651911111111102,0.9848940155038759
frozenset({'spaghetti'}),frozenset({'french fries'}),0.17413333333333333,0.17093333333333333,0.0276,0.1584992343032159,0.9272576109782522,-0.0021651911111111102,0.9852239005156201
frozenset({'tomatoes'}),frozenset({'french fries'}),0.0684,0.17093333333333333,0.012,0.17543859649122806,1.0263568437474342,0.00030816000000000003,1.005463829787234
frozenset({'french fries'}),frozenset({'tomatoes'}),0.17093333333333333,0.0684,0.012,0.0702028081123245,1.0263568437474342,0.00030816000000000003,1.0019389261744966
frozenset({'french fries'}),frozenset({'turkey'}),0.17093333333333333,0.06253333333333333,0.010666666666666666,0.062402496099843996,0.9979077201467591,-2.2364444444443465e-05,0.9998604547975596
frozenset({'turkey'}),frozenset({'french fries'}),0.06253333333333333,0.17093333333333333,0.010666666666666666,0.17057569296375266,0.997907720146759,-2.2364444444443465e-05,0.9995688089117394
frozenset({'french fries'}),frozenset({'whole wheat rice'}),0.17093333333333333,0.05853333333333333,0.010533333333333334,0.06162246489859595,1.0527755962174707,0.000528035555555556,1.0032919922416181
frozenset({'whole wheat rice'}),frozenset({'french fries'}),0.05853333333333333,0.17093333333333333,0.010533333333333334,0.17995444191343965,1.0527755962174707,0.000528035555555556,1.0110007407407406
frozenset({'fresh bread'}),frozenset({'mineral water'}),0.04306666666666667,0.23826666666666665,0.013333333333333334,0.30959752321981426,1.2993740482085099,0.0030719822222222224,1.1033177877429
frozenset({'mineral water'}),frozenset({'fresh bread'}),0.23826666666666665,0.04306666666666667,0.013333333333333334,0.05595970900951316,1.2993740482085097,0.0030719822222222224,1.0136573009286702
frozenset({'frozen vegetables'}),frozenset({'frozen smoothie'}),0.09533333333333334,0.0632,0.01,0.1048951048951049,1.6597326723909,0.003974933333333332,1.04658125
frozenset({'frozen smoothie'}),frozenset({'frozen vegetables'}),0.0632,0.09533333333333334,0.01,0.1582278481012658,1.6597326723909,0.003974933333333332,1.0747167919799498
frozenset({'frozen smoothie'}),frozenset({'green tea'}),0.0632,0.132,0.011066666666666667,0.1751054852320675,1.3265567063035417,0.002724266666666666,1.0522557544757032
frozenset({'green tea'}),frozenset({'frozen smoothie'}),0.132,0.0632,0.011066666666666667,0.08383838383838384,1.3265567063035415,0.002724266666666666,1.0225270121278942
frozenset({'frozen smoothie'}),frozenset({'milk'}),0.0632,0.1296,0.014266666666666667,0.22573839662447256,1.7418086159295723,0.006075946666666667,1.1241678474114443
frozenset({'milk'}),frozenset({'frozen smoothie'}),0.1296,0.0632,0.014266666666666667,0.11008230452674898,1.7418086159295723,0.006075946666666667,1.0526816184971097
frozenset({'frozen smoothie'}),frozenset({'mineral water'}),0.0632,0.23826666666666665,0.020133333333333333,0.3185654008438818,1.3370120348791905,0.005074879999999999,1.1178377708978329
frozenset({'mineral water'}),frozenset({'frozen smoothie'}),0.23826666666666665,0.0632,0.020133333333333333,0.08449916060436485,1.3370120348791905,0.005074879999999999,1.0232650366748166
frozenset({'frozen smoothie'}),frozenset({'spaghetti'}),0.0632,0.17413333333333333,0.0156,0.24683544303797464,1.4175082869715236,0.004594773333333331,1.0965288515406162
frozenset({'spaghetti'}),frozenset({'frozen smoothie'}),0.17413333333333333,0.0632,0.0156,0.0895865237366003,1.4175082869715234,0.004594773333333331,1.0289830109335576
frozenset({'frozen vegetables'}),frozenset({'green tea'}),0.09533333333333334,0.132,0.0144,0.15104895104895102,1.144310235219326,0.0018159999999999982,1.0224382207578253
frozenset({'green tea'}),frozenset({'frozen vegetables'}),0.132,0.09533333333333334,0.0144,0.10909090909090909,1.144310235219326,0.0018159999999999982,1.0154421768707482
frozenset({'frozen vegetables'}),frozenset({'ground beef'}),0.09533333333333334,0.09826666666666667,0.016933333333333335,0.17762237762237762,1.8075547247867465,0.007565244444444445,1.0964954648526077
frozenset({'ground beef'}),frozenset({'frozen vegetables'}),0.09826666666666667,0.09533333333333334,0.016933333333333335,0.17232021709633652,1.8075547247867465,0.007565244444444445,1.093015300546448
frozenset({'frozen vegetables'}),frozenset({'low fat yogurt'}),0.09533333333333334,0.0764,0.010133333333333333,0.10629370629370628,1.3912788781898728,0.002849866666666666,1.033449139280125
frozenset({'low fat yogurt'}),frozenset({'frozen vegetables'}),0.0764,0.09533333333333334,0.010133333333333333,0.13263525305410123,1.391278878189873,0.002849866666666666,1.043006036217304
frozenset({'frozen vegetables'}),frozenset({'milk'}),0.09533333333333334,0.1296,0.0236,0.24755244755244754,1.91012691012691,0.0112448,1.1567583643122676
frozenset({'milk'}),frozenset({'frozen vegetables'}),0.1296,0.09533333333333334,0.0236,0.18209876543209877,1.91012691012691,0.0112448,1.1060830188679245
frozenset({'frozen vegetables'}),frozenset({'mineral water'}),0.09533333333333334,0.23826666666666665,0.03573333333333333,0.3748251748251748,1.5731330784492508,0.013018577777777776,1.2184325130499627
frozenset({'mineral water'}),frozenset({'frozen vegetables'}),0.23826666666666665,0.09533333333333334,0.03573333333333333,0.14997202014549524,1.5731330784492505,0.013018577777777776,1.06427869212201
frozenset({'frozen vegetables'}),frozenset({'olive oil'}),0.09533333333333334,0.06573333333333334,0.011333333333333334,0.11888111888111888,1.808536291294912,0.005066755555555556,1.0603185185185184
frozenset({'olive oil'}),frozenset({'frozen vegetables'}),0.06573333333333334,0.09533333333333334,0.011333333333333334,0.1724137931034483,1.808536291294912,0.005066755555555556,1.0931388888888889
frozenset({'frozen vegetables'}),frozenset({'pancakes'}),0.09533333333333334,0.09506666666666666,0.013466666666666667,0.14125874125874124,1.4858913877146696,0.004403644444444445,1.0537904451682953
frozenset({'pancakes'}),frozenset({'frozen vegetables'}),0.09506666666666666,0.09533333333333334,0.013466666666666667,0.14165497896213183,1.4858913877146696,0.004403644444444445,1.0539662309368192
frozenset({'frozen vegetables'}),frozenset({'shrimp'}),0.09533333333333334,0.07133333333333333,0.016666666666666666,0.17482517482517482,2.4508202078295533,0.00986622222222222,1.125418079096045
frozenset({'shrimp'}),frozenset({'frozen vegetables'}),0.07133333333333333,0.09533333333333334,0.016666666666666666,0.2336448598130841,2.4508202078295533,0.00986622222222222,1.1804796747967479
frozenset({'frozen vegetables'}),frozenset({'spaghetti'}),0.09533333333333334,0.17413333333333333,0.027866666666666668,0.2923076923076923,1.6786429496996114,0.011265955555555554,1.1669855072463768
frozenset({'spaghetti'}),frozenset({'frozen vegetables'}),0.17413333333333333,0.09533333333333334,0.027866666666666668,0.16003062787136293,1.6786429496996111,0.011265955555555554,1.0770233971437253
frozenset({'frozen vegetables'}),frozenset({'tomatoes'}),0.09533333333333334,0.0684,0.016133333333333333,0.1692307692307692,2.4741340530814213,0.009612533333333333,1.1213703703703704
frozenset({'tomatoes'}),frozenset({'frozen vegetables'}),0.0684,0.09533333333333334,0.016133333333333333,0.23586744639376217,2.4741340530814213,0.009612533333333333,1.1839132653061224
frozenset({'ground beef'}),frozenset({'grated cheese'}),0.09826666666666667,0.0524,0.011333333333333334,0.11533242876526459,2.201000548955431,0.00618416,1.071136809815951
frozenset({'grated cheese'}),frozenset({'ground beef'}),0.0524,0.09826666666666667,0.011333333333333334,0.2162849872773537,2.201000548955431,0.00618416,1.1505883116883115
frozenset({'mineral water'}),frozenset({'grated cheese'}),0.23826666666666665,0.0524,0.017466666666666665,0.07330721880246223,1.3989927252378287,0.0049814933333333315,1.0225611111111113
frozenset({'grated cheese'}),frozenset({'mineral water'}),0.0524,0.23826666666666665,0.017466666666666665,0.3333333333333333,1.3989927252378287,0.0049814933333333315,1.1425999999999998
frozenset({'spaghetti'}),frozenset({'grated cheese'}),0.17413333333333333,0.0524,0.016533333333333334,0.09494640122511486,1.8119542218533369,0.007408746666666667,1.0470098138747885
frozenset({'grated cheese'}),frozenset({'spaghetti'}),0.0524,0.17413333333333333,0.016533333333333334,0.3155216284987277,1.8119542218533369,0.007408746666666667,1.2065635687732341
frozenset({'ground beef'}),frozenset({'green tea'}),0.09826666666666667,0.132,0.0148,0.15061058344640435,1.1409892685333662,0.0018288000000000002,1.0219105431309903
frozenset({'green tea'}),frozenset({'ground beef'}),0.132,0.09826666666666667,0.0148,0.11212121212121212,1.1409892685333662,0.0018288000000000002,1.0156040955631398
frozenset({'milk'}),frozenset({'green tea'}),0.1296,0.132,0.0176,0.1358024691358025,1.0288065843621401,0.0004928000000000016,1.0044
frozenset({'green tea'}),frozenset({'milk'}),0.132,0.1296,0.0176,0.13333333333333333,1.02880658436214,0.0004928000000000016,1.0043076923076923
frozenset({'mineral water'}),frozenset({'green tea'}),0.23826666666666665,0.132,0.030933333333333334,0.12982652490207053,0.9835342795611404,-0.0005178666666666651,0.9975022508038585
frozenset({'green tea'}),frozenset({'mineral water'}),0.132,0.23826666666666665,0.030933333333333334,0.23434343434343433,0.9835342795611401,-0.0005178666666666651,0.9948759894459103
frozenset({'pancakes'}),frozenset({'green tea'}),0.09506666666666666,0.132,0.0164,0.17251051893408137,1.3068978707127377,0.003851200000000001,1.04895593220339
frozenset({'green tea'}),frozenset({'pancakes'}),0.132,0.09506666666666666,0.0164,0.12424242424242425,1.3068978707127377,0.003851200000000001,1.0333148788927335
frozenset({'shrimp'}),frozenset({'green tea'}),0.07133333333333333,0.132,0.011333333333333334,0.15887850467289721,1.2036250354007365,0.0019173333333333334,1.0319555555555555
frozenset({'green tea'}),frozenset({'shrimp'}),0.132,0.07133333333333333,0.011333333333333334,0.08585858585858586,1.2036250354007363,0.0019173333333333334,1.0158895027624308
frozenset({'spaghetti'}),frozenset({'green tea'}),0.17413333333333333,0.132,0.026533333333333332,0.15237366003062786,1.1543459093229382,0.0035477333333333305,1.0240361336946702
frozenset({'green tea'}),frozenset({'spaghetti'}),0.132,0.17413333333333333,0.026533333333333332,0.201010101010101,1.1543459093229385,0.0035477333333333305,1.033638432364096
frozenset({'tomatoes'}),frozenset({'green tea'}),0.0684,0.132,0.012266666666666667,0.1793372319688109,1.358615393703113,0.003237866666666667,1.0576817102137768
frozenset({'green tea'}),frozenset({'tomatoes'}),0.132,0.0684,0.012266666666666667,0.09292929292929293,1.358615393703113,0.003237866666666667,1.027042316258352
frozenset({'turkey'}),frozenset({'green tea'}),0.06253333333333333,0.132,0.011866666666666666,0.18976545842217485,1.4376171092589003,0.0036122666666666657,1.0712947368421053
frozenset({'green tea'}),frozenset({'turkey'}),0.132,0.06253333333333333,0.011866666666666666,0.0898989898989899,1.4376171092589003,0.0036122666666666657,1.0300688124306328
frozenset({'herb & pepper'}),frozenset({'ground beef'}),0.049466666666666666,0.09826666666666667,0.016,0.3234501347708895,3.2915549671393096,0.011139075555555555,1.332840903054449
frozenset({'ground beef'}),frozenset({'herb & pepper'}),0.09826666666666667,0.049466666666666666,0.016,0.1628222523744912,3.2915549671393096,0.011139075555555555,1.1354020529443545
frozenset({'ground beef'}),frozenset({'milk'}),0.09826666666666667,0.1296,0.022,0.22388059701492535,1.7274737423991156,0.00926464,1.121476923076923
frozenset({'milk'}),frozenset({'ground beef'}),0.1296,0.09826666666666667,0.022,0.1697530864197531,1.7274737423991156,0.00926464,1.0861026022304832
frozenset({'mineral water'}),frozenset({'ground beef'}),0.23826666666666665,0.09826666666666667,0.040933333333333335,0.1717963066592054,1.7482663499919138,0.017519662222222225,1.088782072072072
frozenset({'ground beef'}),frozenset({'mineral water'}),0.09826666666666667,0.23826666666666665,0.040933333333333335,0.41655359565807326,1.7482663499919135,0.017519662222222225,1.305575503875969
frozenset({'olive oil'}),frozenset({'ground beef'}),0.06573333333333334,0.09826666666666667,0.014133333333333333,0.21501014198782958,2.1880272251135984,0.007673937777777777,1.1487197243755383
frozenset({'ground beef'}),frozenset({'olive oil'}),0.09826666666666667,0.06573333333333334,0.014133333333333333,0.14382632293080053,2.188027225113598,0.007673937777777777,1.0912116217643952
frozenset({'pancakes'}),frozenset({'ground beef'}),0.09506666666666666,0.09826666666666667,0.014533333333333334,0.15287517531556805,1.5557175235641252,0.005191448888888889,1.0644633554083884
frozenset({'ground beef'}),frozenset({'pancakes'}),0.09826666666666667,0.09506666666666666,0.014533333333333334,0.14789687924016282,1.5557175235641252,0.005191448888888889,1.061999787685775
frozenset({'shrimp'}),frozenset({'ground beef'}),0.07133333333333333,0.09826666666666667,0.011466666666666667,0.16074766355140188,1.6358310402110097,0.004456977777777778,1.0744484038604305
frozenset({'ground beef'}),frozenset({'shrimp'}),0.09826666666666667,0.07133333333333333,0.011466666666666667,0.11668928086838534,1.6358310402110094,0.004456977777777778,1.0513476702508961
frozenset({'spaghetti'}),frozenset({'ground beef'}),0.17413333333333333,0.09826666666666667,0.0392,0.225114854517611,2.2908567284695827,0.022088497777777775,1.1636993412384715
frozenset({'ground beef'}),frozenset({'spaghetti'}),0.09826666666666667,0.17413333333333333,0.0392,0.39891451831750335,2.2908567284695827,0.022088497777777775,1.3739587659894656
frozenset({'tomatoes'}),frozenset({'ground beef'}),0.0684,0.09826666666666667,0.011733333333333333,0.17153996101364521,1.7456576765296323,0.005011893333333333,1.0884451764705882
frozenset({'ground beef'}),frozenset({'tomatoes'}),0.09826666666666667,0.0684,0.011733333333333333,0.11940298507462686,1.7456576765296326,0.005011893333333333,1.0579186440677966
frozenset({'herb & pepper'}),frozenset({'mineral water'}),0.049466666666666666,0.23826666666666665,0.017066666666666667,0.3450134770889488,1.4480140336693432,0.00528040888888889,1.1629755829903978
frozenset({'mineral water'}),frozenset({'herb & pepper'}),0.23826666666666665,0.049466666666666666,0.017066666666666667,0.07162842753217684,1.4480140336693432,0.00528040888888889,1.0238716495881053
frozenset({'herb & pepper'}),frozenset({'spaghetti'}),0.049466666666666666,0.17413333333333333,0.016266666666666665,0.32884097035040427,1.8884435510168698,0.00765287111111111,1.2305081659973225
frozenset({'spaghetti'}),frozenset({'herb & pepper'}),0.17413333333333333,0.049466666666666666,0.016266666666666665,0.09341500765696784,1.88844355101687,0.00765287111111111,1.0484768018018018
frozenset({'mineral water'}),frozenset({'honey'}),0.23826666666666665,0.04733333333333333,0.014933333333333333,0.06267487409065473,1.3241170582532689,0.0036553777777777793,1.0163673631840797
frozenset({'honey'}),frozenset({'mineral water'}),0.04733333333333333,0.23826666666666665,0.014933333333333333,0.3154929577464789,1.324117058253269,0.0036553777777777793,1.1128203017832647
frozenset({'spaghetti'}),frozenset({'honey'}),0.17413333333333333,0.04733333333333333,0.011866666666666666,0.0681470137825421,1.4397256432931431,0.0036243555555555557,1.022335798411394
frozenset({'honey'}),frozenset({'spaghetti'}),0.04733333333333333,0.17413333333333333,0.011866666666666666,0.2507042253521127,1.4397256432931431,0.0036243555555555557,1.1021904761904762
frozenset({'low fat yogurt'}),frozenset({'milk'}),0.0764,0.1296,0.0132,0.17277486910994766,1.333139422144658,0.0032985600000000007,1.0521924050632911
frozenset({'milk'}),frozenset({'low fat yogurt'}),0.1296,0.0764,0.0132,0.10185185185185186,1.333139422144658,0.0032985600000000007,1.028338144329897
frozenset({'mineral water'}),frozenset({'low fat yogurt'}),0.23826666666666665,0.0764,0.023866666666666668,0.10016787912702856,1.3110978943328346,0.005663093333333338,1.0264136815920397
frozenset({'low fat yogurt'}),frozenset({'mineral water'}),0.0764,0.23826666666666665,0.023866666666666668,0.31239092495637,1.3110978943328344,0.005663093333333338,1.1078000000000001
frozenset({'spaghetti'}),frozenset({'low fat yogurt'}),0.17413333333333333,0.0764,0.0152,0.08728943338437979,1.1425318505808875,0.001896213333333334,1.0119308724832214
frozenset({'low fat yogurt'}),frozenset({'spaghetti'}),0.0764,0.17413333333333333,0.0152,0.19895287958115185,1.1425318505808872,0.001896213333333334,1.0309838779956426
frozenset({'mineral water'}),frozenset({'milk'}),0.23826666666666665,0.1296,0.048,0.20145495243424735,1.5544363613753656,0.017120640000000003,1.0899823405746323
frozenset({'milk'}),frozenset({'mineral water'}),0.1296,0.23826666666666665,0.048,0.3703703703703704,1.5544363613753656,0.017120640000000003,1.2098117647058826
frozenset({'olive oil'}),frozenset({'milk'}),0.06573333333333334,0.1296,0.017066666666666667,0.25963488843813387,2.0033556206646135,0.008547626666666667,1.1756361643835618
frozenset({'milk'}),frozenset({'olive oil'}),0.1296,0.06573333333333334,0.017066666666666667,0.13168724279835392,2.003355620664613,0.008547626666666667,1.0759563981042655
frozenset({'pancakes'}),frozenset({'milk'}),0.09506666666666666,0.1296,0.016533333333333334,0.1739130434782609,1.3419216317767044,0.004212693333333335,1.053642105263158
frozenset({'milk'}),frozenset({'pancakes'}),0.1296,0.09506666666666666,0.016533333333333334,0.12757201646090535,1.3419216317767044,0.004212693333333335,1.0372584905660378
frozenset({'shrimp'}),frozenset({'milk'}),0.07133333333333333,0.1296,0.0176,0.24672897196261684,1.9037729318103151,0.008355200000000002,1.1554937965260548
frozenset({'milk'}),frozenset({'shrimp'}),0.1296,0.07133333333333333,0.0176,0.1358024691358025,1.9037729318103154,0.008355200000000002,1.0746
frozenset({'milk'}),frozenset({'soup'}),0.1296,0.05053333333333333,0.0152,0.11728395061728396,2.320922505619076,0.00865088,1.0756195804195805
frozenset({'soup'}),frozenset({'milk'}),0.05053333333333333,0.1296,0.0152,0.3007915567282322,2.320922505619076,0.00865088,1.2448362264150945
frozenset({'spaghetti'}),frozenset({'milk'}),0.17413333333333333,0.1296,0.03546666666666667,0.20367534456355282,1.5715690166940806,0.012898986666666667,1.0930215384615385
frozenset({'milk'}),frozenset({'spaghetti'}),0.1296,0.17413333333333333,0.03546666666666667,0.27366255144032925,1.5715690166940808,0.012898986666666667,1.137028895184136
frozenset({'tomatoes'}),frozenset({'milk'}),0.0684,0.1296,0.014,0.2046783625730994,1.5793083531874954,0.00513536,1.0944
frozenset({'milk'}),frozenset({'tomatoes'}),0.1296,0.0684,0.014,0.1080246913580247,1.5793083531874956,0.00513536,1.0444235294117648
frozenset({'turkey'}),frozenset({'milk'}),0.06253333333333333,0.1296,0.011333333333333334,0.18123667377398722,1.3984311247992842,0.0032290133333333342,1.0630666666666668
frozenset({'milk'}),frozenset({'turkey'}),0.1296,0.06253333333333333,0.011333333333333334,0.0874485596707819,1.3984311247992842,0.0032290133333333342,1.0273028184892898
frozenset({'milk'}),frozenset({'whole wheat rice'}),0.1296,0.05853333333333333,0.011866666666666666,0.09156378600823045,1.5643015832841194,0.0042807466666666665,1.0363596828992072
frozenset({'whole wheat rice'}),frozenset({'milk'}),0.05853333333333333,0.1296,0.011866666666666666,0.20273348519362186,1.5643015832841194,0.0042807466666666665,1.0917302857142859
frozenset({'mineral water'}),frozenset({'olive oil'}),0.23826666666666665,0.06573333333333334,0.027466666666666667,0.1152770005595971,1.7537069050648644,0.011804604444444443,1.0559990723170989
frozenset({'olive oil'}),frozenset({'mineral water'}),0.06573333333333334,0.23826666666666665,0.027466666666666667,0.41784989858012167,1.7537069050648644,0.011804604444444443,1.3084826945412311
frozenset({'mineral water'}),frozenset({'pancakes'}),0.23826666666666665,0.09506666666666666,0.03373333333333333,0.14157806379406826,1.489250320414463,0.011082115555555556,1.0541824424163406
frozenset({'pancakes'}),frozenset({'mineral water'}),0.09506666666666666,0.23826666666666665,0.03373333333333333,0.3548387096774194,1.489250320414463,0.011082115555555556,1.1806866666666667
frozenset({'mineral water'}),frozenset({'red wine'}),0.23826666666666665,0.028133333333333333,0.010933333333333333,0.04588696138780078,1.6310531298981321,0.004230097777777778,1.018607468230694
frozenset({'red wine'}),frozenset({'mineral water'}),0.028133333333333333,0.23826666666666665,0.010933333333333333,0.3886255924170616,1.6310531298981323,0.004230097777777778,1.2459359173126616
frozenset({'salmon'}),frozenset({'mineral water'}),0.0424,0.23826666666666665,0.016933333333333335,0.39937106918238996,1.6761516613698517,0.006830826666666668,1.2682261780104713
frozenset({'mineral water'}),frozenset({'salmon'}),0.23826666666666665,0.0424,0.016933333333333335,0.07106883044208172,1.676151661369852,0.006830826666666668,1.0308621686746988
frozenset({'mineral water'}),frozenset({'shrimp'}),0.23826666666666665,0.07133333333333333,0.023466666666666667,0.09848908785674315,1.3806881475244368,0.006470311111111113,1.03012249120629
frozenset({'shrimp'}),frozenset({'mineral water'}),0.07133333333333333,0.23826666666666665,0.023466666666666667,0.32897196261682243,1.3806881475244368,0.006470311111111113,1.1351736304549676
frozenset({'mineral water'}),frozenset({'soup'}),0.23826666666666665,0.05053333333333333,0.023066666666666666,0.09681029658645775,1.915771040629111,0.011026257777777777,1.0512372573316813
frozenset({'soup'}),frozenset({'mineral water'}),0.05053333333333333,0.23826666666666665,0.023066666666666666,0.45646437994722955,1.9157710406291113,0.011026257777777777,1.40144142394822
frozenset({'mineral water'}),frozenset({'spaghetti'}),0.23826666666666665,0.17413333333333333,0.05973333333333333,0.2506994963626189,1.4396984860027884,0.018243164444444446,1.1021835200398307
frozenset({'spaghetti'}),frozenset({'mineral water'}),0.17413333333333333,0.23826666666666665,0.05973333333333333,0.3430321592649311,1.4396984860027886,0.018243164444444446,1.1594682206682205
frozenset({'tomatoes'}),frozenset({'mineral water'}),0.0684,0.23826666666666665,0.0244,0.35672514619883045,1.4971676533246943,0.008102560000000002,1.184149090909091
frozenset({'mineral water'}),frozenset({'tomatoes'}),0.23826666666666665,0.0684,0.0244,0.10240626748740908,1.497167653324694,0.008102560000000002,1.0378860349127181
frozenset({'mineral water'}),frozenset({'turkey'}),0.23826666666666665,0.06253333333333333,0.0192,0.08058198097369894,1.288624429216934,0.0043003911111111105,1.0196305132886996
frozenset({'turkey'}),frozenset({'mineral water'}),0.06253333333333333,0.23826666666666665,0.0192,0.30703624733475476,1.288624429216934,0.0043003911111111105,1.099239794871795
frozenset({'mineral water'}),frozenset({'whole wheat rice'}),0.23826666666666665,0.05853333333333333,0.020133333333333333,0.08449916060436485,1.4436075274094224,0.006186791111111112,1.0283624286878565
frozenset({'whole wheat rice'}),frozenset({'mineral water'}),0.05853333333333333,0.23826666666666665,0.020133333333333333,0.3439635535307517,1.4436075274094224,0.006186791111111112,1.1611143518518519
frozenset({'olive oil'}),frozenset({'pancakes'}),0.06573333333333334,0.09506666666666666,0.0108,0.16430020283975658,1.728263003223246,0.004550951111111112,1.0828449838187701
frozenset({'pancakes'}),frozenset({'olive oil'}),0.09506666666666666,0.06573333333333334,0.0108,0.11360448807854139,1.728263003223246,0.004550951111111112,1.0540065400843883
frozenset({'olive oil'}),frozenset({'spaghetti'}),0.06573333333333334,0.17413333333333333,0.022933333333333333,0.3488843813387424,2.0035473660341254,0.011486968888888888,1.2683871235721702
frozenset({'spaghetti'}),frozenset({'olive oil'}),0.17413333333333333,0.06573333333333334,0.022933333333333333,0.13169984686064318,2.0035473660341254,0.011486968888888888,1.0759720164609055
frozenset({'shrimp'}),frozenset({'pancakes'}),0.07133333333333333,0.09506666666666666,0.010533333333333334,0.14766355140186918,1.5532631634137712,0.0037519111111111118,1.0617090643274854
frozenset({'pancakes'}),frozenset({'shrimp'}),0.09506666666666666,0.07133333333333333,0.010533333333333334,0.11079943899018234,1.5532631634137712,0.0037519111111111118,1.044383806519453
frozenset({'pancakes'}),frozenset({'spaghetti'}),0.09506666666666666,0.17413333333333333,0.0252,0.2650771388499299,1.5222653456159834,0.008645724444444447,1.1237460559796437
frozenset({'spaghetti'}),frozenset({'pancakes'}),0.17413333333333333,0.09506666666666666,0.0252,0.1447166921898928,1.5222653456159834,0.008645724444444447,1.0580509698597433
frozenset({'spaghetti'}),frozenset({'red wine'}),0.17413333333333333,0.028133333333333333,0.010266666666666667,0.058958652373660034,2.0956866957462097,0.005367715555555556,1.032756604285327
frozenset({'red wine'}),frozenset({'spaghetti'}),0.028133333333333333,0.17413333333333333,0.010266666666666667,0.36492890995260663,2.0956866957462097,0.005367715555555556,1.3004318407960198
frozenset({'salmon'}),frozenset({'spaghetti'}),0.0424,0.17413333333333333,0.013466666666666667,0.31761006289308175,1.8239475280996271,0.006083413333333333,1.2102562211981567
frozenset({'spaghetti'}),frozenset({'salmon'}),0.17413333333333333,0.0424,0.013466666666666667,0.0773353751914242,1.8239475280996271,0.006083413333333333,1.0378635684647304
frozenset({'shrimp'}),frozenset({'spaghetti'}),0.07133333333333333,0.17413333333333333,0.0212,0.297196261682243,1.706716663565714,0.008778488888888889,1.1751028368794325
frozenset({'spaghetti'}),frozenset({'shrimp'}),0.17413333333333333,0.07133333333333333,0.0212,0.1217457886676876,1.706716663565714,0.008778488888888889,1.057400755594304
frozenset({'tomatoes'}),frozenset({'shrimp'}),0.0684,0.07133333333333333,0.0112,0.16374269005847952,2.295458271847844,0.0063208,1.1105034965034966
frozenset({'shrimp'}),frozenset({'tomatoes'}),0.07133333333333333,0.0684,0.0112,0.15700934579439252,2.295458271847844,0.0063208,1.1051130820399113
frozenset({'spaghetti'}),frozenset({'soup'}),0.17413333333333333,0.05053333333333333,0.014266666666666667,0.08192955589586524,1.6212972802611856,0.0054671288888888895,1.0341980539338338
frozenset({'soup'}),frozenset({'spaghetti'}),0.05053333333333333,0.17413333333333333,0.014266666666666667,0.28232189973614774,1.6212972802611854,0.0054671288888888895,1.1507480392156861
frozenset({'tomatoes'}),frozenset({'spaghetti'}),0.0684,0.17413333333333333,0.020933333333333335,0.30604288499025345,1.757520396192114,0.009022613333333335,1.1900831460674157
frozenset({'spaghetti'}),frozenset({'tomatoes'}),0.17413333333333333,0.0684,0.020933333333333335,0.12021439509954059,1.7575203961921138,0.009022613333333335,1.0588943429068756
frozenset({'spaghetti'}),frozenset({'turkey'}),0.17413333333333333,0.06253333333333333,0.016533333333333334,0.09494640122511486,1.5183326421926684,0.005644195555555556,1.0358134235758603
frozenset({'turkey'}),frozenset({'spaghetti'}),0.06253333333333333,0.17413333333333333,0.016533333333333334,0.26439232409381663,1.5183326421926682,0.005644195555555556,1.1226999033816425
frozenset({'spaghetti'}),frozenset({'whole wheat rice'}),0.17413333333333333,0.05853333333333333,0.014133333333333333,0.08116385911179173,1.3866262946205876,0.003940728888888889,1.0246295555555556
frozenset({'whole wheat rice'}),frozenset({'spaghetti'}),0.05853333333333333,0.17413333333333333,0.014133333333333333,0.24145785876993164,1.3866262946205876,0.003940728888888889,1.088755155155155
"frozenset({'chocolate', 'mineral water'})",frozenset({'eggs'}),0.05266666666666667,0.17973333333333333,0.013466666666666667,0.25569620253164554,1.422642076400105,0.004000711111111112,1.1020589569161
"frozenset({'chocolate', 'eggs'})",frozenset({'mineral water'}),0.0332,0.23826666666666665,0.013466666666666667,0.40562248995983935,1.7023887379400084,0.005556213333333334,1.2815648648648648
"frozenset({'mineral water', 'eggs'})",frozenset({'chocolate'}),0.05093333333333333,0.16386666666666666,0.013466666666666667,0.26439790575916233,1.6134941360404538,0.005120391111111112,1.1366652431791222
frozenset({'chocolate'}),"frozenset({'mineral water', 'eggs'})",0.16386666666666666,0.05093333333333333,0.013466666666666667,0.0821806346623271,1.6134941360404536,0.005120391111111112,1.0340451536643027
frozenset({'mineral water'}),"frozenset({'chocolate', 'eggs'})",0.23826666666666665,0.0332,0.013466666666666667,0.056519306099608285,1.7023887379400087,0.005556213333333334,1.0247162514827997
frozenset({'eggs'}),"frozenset({'chocolate', 'mineral water'})",0.17973333333333333,0.05266666666666667,0.013466666666666667,0.07492581602373888,1.4226420764001053,0.004000711111111112,1.024062015503876
"frozenset({'chocolate', 'eggs'})",frozenset({'spaghetti'}),0.0332,0.17413333333333333,0.010533333333333334,0.3172690763052209,1.8219893355965977,0.004752106666666667,1.2096517647058822
"frozenset({'chocolate', 'spaghetti'})",frozenset({'eggs'}),0.0392,0.17973333333333333,0.010533333333333334,0.2687074829931973,1.4950342154666023,0.0034877866666666677,1.121666976744186
"frozenset({'spaghetti', 'eggs'})",frozenset({'chocolate'}),0.036533333333333334,0.16386666666666666,0.010533333333333334,0.28832116788321166,1.7594863784573536,0.004546737777777778,1.1748745299145298
frozenset({'chocolate'}),"frozenset({'spaghetti', 'eggs'})",0.16386666666666666,0.036533333333333334,0.010533333333333334,0.064279902359642,1.7594863784573538,0.004546737777777778,1.0296526376811594
frozenset({'eggs'}),"frozenset({'chocolate', 'spaghetti'})",0.17973333333333333,0.0392,0.010533333333333334,0.058605341246290805,1.4950342154666023,0.0034877866666666677,1.0206133963750985
frozenset({'spaghetti'}),"frozenset({'chocolate', 'eggs'})",0.17413333333333333,0.0332,0.010533333333333334,0.06049004594180705,1.821989335596598,0.004752106666666667,1.0290471067644662
"frozenset({'chocolate', 'mineral water'})",frozenset({'ground beef'}),0.05266666666666667,0.09826666666666667,0.010933333333333333,0.20759493670886076,2.1125671985297907,0.005757955555555555,1.1379701810436633
"frozenset({'chocolate', 'ground beef'})",frozenset({'mineral water'}),0.023066666666666666,0.23826666666666665,0.010933333333333333,0.47398843930635837,1.9893191353092825,0.005437315555555555,1.448130402930403
"frozenset({'mineral water', 'ground beef'})",frozenset({'chocolate'}),0.040933333333333335,0.16386666666666666,0.010933333333333333,0.2671009771986971,1.6299896899839121,0.004225724444444444,1.1408574814814816
frozenset({'chocolate'}),"frozenset({'mineral water', 'ground beef'})",0.16386666666666666,0.040933333333333335,0.010933333333333333,0.06672091131000814,1.6299896899839121,0.004225724444444444,1.0276311537343794
frozenset({'mineral water'}),"frozenset({'chocolate', 'ground beef'})",0.23826666666666665,0.023066666666666666,0.010933333333333333,0.04588696138780078,1.9893191353092825,0.005437315555555555,1.0239178103616813
frozenset({'ground beef'}),"frozenset({'chocolate', 'mineral water'})",0.09826666666666667,0.05266666666666667,0.010933333333333333,0.1112618724559023,2.1125671985297907,0.005757955555555555,1.0659307888040712
"frozenset({'chocolate', 'mineral water'})",frozenset({'milk'}),0.05266666666666667,0.1296,0.014,0.2658227848101266,2.0511017346460387,0.007174400000000001,1.185544827586207
"frozenset({'chocolate', 'milk'})",frozenset({'mineral water'}),0.03213333333333333,0.23826666666666665,0.014,0.43568464730290457,1.8285589562237181,0.0063436977777777785,1.349836274509804
"frozenset({'mineral water', 'milk'})",frozenset({'chocolate'}),0.048,0.16386666666666666,0.014,0.2916666666666667,1.7799023596419856,0.0061344,1.1804235294117649
frozenset({'chocolate'}),"frozenset({'mineral water', 'milk'})",0.16386666666666666,0.048,0.014,0.0854353132628153,1.7799023596419854,0.0061344,1.040932384341637
frozenset({'mineral water'}),"frozenset({'chocolate', 'milk'})",0.23826666666666665,0.03213333333333333,0.014,0.05875769445998881,1.8285589562237181,0.0063436977777777785,1.0282864050733254
frozenset({'milk'}),"frozenset({'chocolate', 'mineral water'})",0.1296,0.05266666666666667,0.014,0.1080246913580247,2.0511017346460387,0.007174400000000001,1.0620622837370244
"frozenset({'chocolate', 'milk'})",frozenset({'spaghetti'}),0.03213333333333333,0.17413333333333333,0.010933333333333333,0.34024896265560167,1.9539565236730572,0.005337848888888889,1.251785324947589
"frozenset({'chocolate', 'spaghetti'})",frozenset({'milk'}),0.0392,0.1296,0.010933333333333333,0.2789115646258503,2.15209540606366,0.005853013333333334,1.2070641509433964
"frozenset({'spaghetti', 'milk'})",frozenset({'chocolate'}),0.03546666666666667,0.16386666666666666,0.010933333333333333,0.3082706766917293,1.8812287023498535,0.005121528888888889,1.208757971014493
frozenset({'chocolate'}),"frozenset({'spaghetti', 'milk'})",0.16386666666666666,0.03546666666666667,0.010933333333333333,0.06672091131000814,1.8812287023498535,0.005121528888888889,1.033488637024121
frozenset({'milk'}),"frozenset({'chocolate', 'spaghetti'})",0.1296,0.0392,0.010933333333333333,0.08436213991769548,2.15209540606366,0.005853013333333334,1.0493231460674157
frozenset({'spaghetti'}),"frozenset({'chocolate', 'milk'})",0.17413333333333333,0.03213333333333333,0.010933333333333333,0.06278713629402756,1.953956523673057,0.005337848888888889,1.0327074074074074
"frozenset({'chocolate', 'mineral water'})",frozenset({'spaghetti'}),0.05266666666666667,0.17413333333333333,0.015866666666666668,0.3012658227848101,1.730087037431911,0.006695644444444445,1.1819468599033818
"frozenset({'chocolate', 'spaghetti'})",frozenset({'mineral water'}),0.0392,0.23826666666666665,0.015866666666666668,0.4047619047619048,1.6987768806459353,0.0065266133333333354,1.2797120000000004
"frozenset({'mineral water', 'spaghetti'})",frozenset({'chocolate'}),0.05973333333333333,0.16386666666666666,0.015866666666666668,0.265625,1.6209825061025225,0.006078364444444446,1.1385645390070922
frozenset({'chocolate'}),"frozenset({'mineral water', 'spaghetti'})",0.16386666666666666,0.05973333333333333,0.015866666666666668,0.09682668836452402,1.6209825061025227,0.006078364444444446,1.0410700300300302
frozenset({'mineral water'}),"frozenset({'chocolate', 'spaghetti'})",0.23826666666666665,0.0392,0.015866666666666668,0.06659205372132065,1.6987768806459351,0.0065266133333333354,1.029346282973621
frozenset({'spaghetti'}),"frozenset({'chocolate', 'mineral water'})",0.17413333333333333,0.05266666666666667,0.015866666666666668,0.09111791730474733,1.7300870374319113,0.006695644444444445,1.0423060937938782
"frozenset({'mineral water', 'eggs'})",frozenset({'ground beef'}),0.05093333333333333,0.09826666666666667,0.010133333333333333,0.19895287958115182,2.0246222481121285,0.005128284444444444,1.1256932461873637
"frozenset({'mineral water', 'ground beef'})",frozenset({'eggs'}),0.040933333333333335,0.17973333333333333,0.010133333333333333,0.24755700325732896,1.3773572139688184,0.002776248888888888,1.090137950937951
"frozenset({'ground beef', 'eggs'})",frozenset({'mineral water'}),0.02,0.23826666666666665,0.010133333333333333,0.5066666666666666,2.1264689423614995,0.0053679999999999995,1.544054054054054
frozenset({'mineral water'}),"frozenset({'ground beef', 'eggs'})",0.23826666666666665,0.02,0.010133333333333333,0.042529378847229994,2.1264689423614995,0.0053679999999999995,1.023530099357101
frozenset({'eggs'}),"frozenset({'mineral water', 'ground beef'})",0.17973333333333333,0.040933333333333335,0.010133333333333333,0.05637982195845697,1.3773572139688184,0.002776248888888888,1.0163693920335428
frozenset({'ground beef'}),"frozenset({'mineral water', 'eggs'})",0.09826666666666667,0.05093333333333333,0.010133333333333333,0.10312075983717774,2.0246222481121285,0.005128284444444444,1.0581877962682804
"frozenset({'mineral water', 'eggs'})",frozenset({'milk'}),0.05093333333333333,0.1296,0.013066666666666667,0.2565445026178011,1.9795100510632802,0.006465706666666668,1.170749295774648
"frozenset({'mineral water', 'milk'})",frozenset({'eggs'}),0.048,0.17973333333333333,0.013066666666666667,0.27222222222222225,1.5145895153313553,0.004439466666666668,1.127083969465649
"frozenset({'eggs', 'milk'})",frozenset({'mineral water'}),0.0308,0.23826666666666665,0.013066666666666667,0.42424242424242425,1.7805361957572368,0.005728053333333334,1.3230105263157896
frozenset({'mineral water'}),"frozenset({'eggs', 'milk'})",0.23826666666666665,0.0308,0.013066666666666667,0.054840514829322895,1.7805361957572368,0.005728053333333334,1.0254354055654233
frozenset({'eggs'}),"frozenset({'mineral water', 'milk'})",0.17973333333333333,0.048,0.013066666666666667,0.07270029673590506,1.5145895153313553,0.004439466666666668,1.0266368
frozenset({'milk'}),"frozenset({'mineral water', 'eggs'})",0.1296,0.05093333333333333,0.013066666666666667,0.10082304526748972,1.9795100510632802,0.006465706666666668,1.055483752860412
"frozenset({'mineral water', 'eggs'})",frozenset({'spaghetti'}),0.05093333333333333,0.17413333333333333,0.014266666666666667,0.28010471204188486,1.608564579107302,0.005397475555555557,1.1472038787878789
"frozenset({'mineral water', 'spaghetti'})",frozenset({'eggs'}),0.05973333333333333,0.17973333333333333,0.014266666666666667,0.23883928571428573,1.3288535926239933,0.0035305955555555556,1.077652394916911
"frozenset({'spaghetti', 'eggs'})",frozenset({'mineral water'}),0.036533333333333334,0.23826666666666665,0.014266666666666667,0.3905109489051095,1.638965929931909,0.005561991111111112,1.24979001996008
frozenset({'mineral water'}),"frozenset({'spaghetti', 'eggs'})",0.23826666666666665,0.036533333333333334,0.014266666666666667,0.05987688864017907,1.6389659299319088,0.005561991111111112,1.0248303174603175
frozenset({'eggs'}),"frozenset({'mineral water', 'spaghetti'})",0.17973333333333333,0.05973333333333333,0.014266666666666667,0.07937685459940653,1.3288535926239933,0.0035305955555555556,1.0213372011818427
frozenset({'spaghetti'}),"frozenset({'mineral water', 'eggs'})",0.17413333333333333,0.05093333333333333,0.014266666666666667,0.08192955589586524,1.608564579107302,0.005397475555555557,1.0337623575201558
"frozenset({'mineral water', 'french fries'})",frozenset({'spaghetti'}),0.03373333333333333,0.17413333333333333,0.010133333333333333,0.30039525691699603,1.7250876162920905,0.004259235555555556,1.1804760828625236
"frozenset({'mineral water', 'spaghetti'})",frozenset({'french fries'}),0.05973333333333333,0.17093333333333333,0.010133333333333333,0.16964285714285712,0.9924504123022063,-7.708444444444462e-05,0.9984458781362006
"frozenset({'french fries', 'spaghetti'})",frozenset({'mineral water'}),0.0276,0.23826666666666665,0.010133333333333333,0.36714975845410625,1.540919523450362,0.0035571733333333334,1.203654961832061
frozenset({'mineral water'}),"frozenset({'french fries', 'spaghetti'})",0.23826666666666665,0.0276,0.010133333333333333,0.042529378847229994,1.540919523450362,0.0035571733333333334,1.01559251899474
frozenset({'french fries'}),"frozenset({'mineral water', 'spaghetti'})",0.17093333333333333,0.05973333333333333,0.010133333333333333,0.059282371294851796,0.9924504123022064,-7.708444444444462e-05,0.9995206191265893
frozenset({'spaghetti'}),"frozenset({'mineral water', 'french fries'})",0.17413333333333333,0.03373333333333333,0.010133333333333333,0.05819295558958652,1.7250876162920907,0.004259235555555556,1.025970948509485
"frozenset({'frozen vegetables', 'mineral water'})",frozenset({'milk'}),0.03573333333333333,0.1296,0.011066666666666667,0.30970149253731344,2.3896720103187765,0.006435626666666668,1.2609037837837838
"frozenset({'frozen vegetables', 'milk'})",frozenset({'mineral water'}),0.0236,0.23826666666666665,0.011066666666666667,0.46892655367231645,1.968074511775251,0.005443573333333334,1.4343276595744683
"frozenset({'mineral water', 'milk'})",frozenset({'frozen vegetables'}),0.048,0.09533333333333334,0.011066666666666667,0.23055555555555557,2.4184149184149186,0.006490666666666667,1.175740072202166
frozenset({'frozen vegetables'}),"frozenset({'mineral water', 'milk'})",0.09533333333333334,0.048,0.011066666666666667,0.11608391608391608,2.418414918414918,0.006490666666666667,1.0770253164556962
frozenset({'mineral water'}),"frozenset({'frozen vegetables', 'milk'})",0.23826666666666665,0.0236,0.011066666666666667,0.04644655847789592,1.968074511775251,0.005443573333333334,1.0239593896713615
frozenset({'milk'}),"frozenset({'frozen vegetables', 'mineral water'})",0.1296,0.03573333333333333,0.011066666666666667,0.08539094650205763,2.389672010318777,0.006435626666666668,1.0542938132733408
"frozenset({'frozen vegetables', 'mineral water'})",frozenset({'spaghetti'}),0.03573333333333333,0.17413333333333333,0.012,0.3358208955223881,1.9285273479463327,0.005777635555555556,1.2434397003745317
"frozenset({'frozen vegetables', 'spaghetti'})",frozenset({'mineral water'}),0.027866666666666668,0.23826666666666665,0.012,0.43062200956937796,1.8073111761445635,0.005360302222222222,1.3378341736694679
"frozenset({'mineral water', 'spaghetti'})",frozenset({'frozen vegetables'}),0.05973333333333333,0.09533333333333334,0.012,0.20089285714285715,2.107267732267732,0.006305422222222222,1.132096834264432
frozenset({'frozen vegetables'}),"frozenset({'mineral water', 'spaghetti'})",0.09533333333333334,0.05973333333333333,0.012,0.12587412587412586,2.107267732267732,0.006305422222222222,1.0756650666666667
frozenset({'mineral water'}),"frozenset({'frozen vegetables', 'spaghetti'})",0.23826666666666665,0.027866666666666668,0.012,0.05036373810856184,1.8073111761445635,0.005360302222222222,1.0236901983893145
frozenset({'spaghetti'}),"frozenset({'frozen vegetables', 'mineral water'})",0.17413333333333333,0.03573333333333333,0.012,0.06891271056661562,1.9285273479463327,0.005777635555555556,1.0356350877192984
"frozenset({'mineral water', 'milk'})",frozenset({'ground beef'}),0.048,0.09826666666666667,0.011066666666666667,0.23055555555555557,2.346223428312981,0.006349866666666667,1.171927797833935
"frozenset({'mineral water', 'ground beef'})",frozenset({'milk'}),0.040933333333333335,0.1296,0.011066666666666667,0.2703583061889251,2.086098041581212,0.005761706666666667,1.1929142857142858
"frozenset({'ground beef', 'milk'})",frozenset({'mineral water'}),0.022,0.23826666666666665,0.011066666666666667,0.503030303030303,2.1112072035407237,0.0058248000000000015,1.5327560975609757
frozenset({'mineral water'}),"frozenset({'ground beef', 'milk'})",0.23826666666666665,0.022,0.011066666666666667,0.04644655847789592,2.111207203540724,0.0058248000000000015,1.025637323943662
frozenset({'milk'}),"frozenset({'mineral water', 'ground beef'})",0.1296,0.040933333333333335,0.011066666666666667,0.08539094650205763,2.0860980415812125,0.005761706666666667,1.048608323959505
frozenset({'ground beef'}),"frozenset({'mineral water', 'milk'})",0.09826666666666667,0.048,0.011066666666666667,0.11261872455902307,2.3462234283129804,0.006349866666666667,1.0728195718654434
"frozenset({'mineral water', 'ground beef'})",frozenset({'spaghetti'}),0.040933333333333335,0.17413333333333333,0.017066666666666667,0.4169381107491857,2.3943612791875135,0.00993880888888889,1.416430540037244
"frozenset({'mineral water', 'spaghetti'})",frozenset({'ground beef'}),0.05973333333333333,0.09826666666666667,0.017066666666666667,0.28571428571428575,2.907540220973057,0.011196871111111112,1.2624266666666668
"frozenset({'ground beef', 'spaghetti'})",frozenset({'mineral water'}),0.0392,0.23826666666666665,0.017066666666666667,0.435374149659864,1.8272558043922664,0.007726613333333335,1.3490939759036147
frozenset({'mineral water'}),"frozenset({'ground beef', 'spaghetti'})",0.23826666666666665,0.0392,0.017066666666666667,0.07162842753217684,1.8272558043922664,0.007726613333333335,1.0349304400241108
frozenset({'ground beef'}),"frozenset({'mineral water', 'spaghetti'})",0.09826666666666667,0.05973333333333333,0.017066666666666667,0.17367706919945727,2.907540220973057,0.011196871111111112,1.1378925013683634
frozenset({'spaghetti'}),"frozenset({'mineral water', 'ground beef'})",0.17413333333333333,0.040933333333333335,0.017066666666666667,0.09800918836140889,2.3943612791875135,0.00993880888888889,1.0632776457272213
"frozenset({'mineral water', 'milk'})",frozenset({'spaghetti'}),0.048,0.17413333333333333,0.015733333333333332,0.3277777777777777,1.8823379275140375,0.007374933333333332,1.2285619834710741
"frozenset({'mineral water', 'spaghetti'})",frozenset({'milk'}),0.05973333333333333,0.1296,0.015733333333333332,0.2633928571428571,2.0323522927689592,0.007991893333333333,1.1816339393939395
"frozenset({'spaghetti', 'milk'})",frozenset({'mineral water'}),0.03546666666666667,0.23826666666666665,0.015733333333333332,0.44360902255639095,1.8618173862187646,0.007282808888888888,1.3690612612612612
frozenset({'mineral water'}),"frozenset({'spaghetti', 'milk'})",0.23826666666666665,0.03546666666666667,0.015733333333333332,0.06603245663122552,1.8618173862187646,0.007282808888888888,1.032726822448572
frozenset({'milk'}),"frozenset({'mineral water', 'spaghetti'})",0.1296,0.05973333333333333,0.015733333333333332,0.1213991769547325,2.0323522927689592,0.007991893333333333,1.0701864168618267
frozenset({'spaghetti'}),"frozenset({'mineral water', 'milk'})",0.17413333333333333,0.048,0.015733333333333332,0.0903522205206738,1.8823379275140375,0.007374933333333332,1.0465589225589225
"frozenset({'mineral water', 'olive oil'})",frozenset({'spaghetti'}),0.027466666666666667,0.17413333333333333,0.010266666666666667,0.3737864077669903,2.1465528776817973,0.005483804444444445,1.3188258397932817
"frozenset({'mineral water', 'spaghetti'})",frozenset({'olive oil'}),0.05973333333333333,0.06573333333333334,0.010266666666666667,0.171875,2.614731237322515,0.006340195555555555,1.12817106918239
"frozenset({'olive oil', 'spaghetti'})",frozenset({'mineral water'}),0.022933333333333333,0.23826666666666665,0.010266666666666667,0.4476744186046512,1.8788797647089446,0.004802417777777779,1.3791382456140353
frozenset({'mineral water'}),"frozenset({'olive oil', 'spaghetti'})",0.23826666666666665,0.022933333333333333,0.010266666666666667,0.04308897593732513,1.8788797647089446,0.004802417777777779,1.0210632358674463
frozenset({'olive oil'}),"frozenset({'mineral water', 'spaghetti'})",0.06573333333333334,0.05973333333333333,0.010266666666666667,0.1561866125760649,2.614731237322515,0.006340195555555555,1.1143064102564102
frozenset({'spaghetti'}),"frozenset({'mineral water', 'olive oil'})",0.17413333333333333,0.027466666666666667,0.010266666666666667,0.058958652373660034,2.1465528776817973,0.005483804444444445,1.0334650393273666
"frozenset({'mineral water', 'spaghetti'})",frozenset({'pancakes'}),0.05973333333333333,0.09506666666666666,0.011466666666666667,0.19196428571428573,2.0192596674013226,0.005788017777777778,1.1199174953959485
"frozenset({'mineral water', 'pancakes'})",frozenset({'spaghetti'}),0.03373333333333333,0.17413333333333333,0.011466666666666667,0.3399209486166008,1.9520728289621028,0.00559256888888889,1.2511632734530937
"frozenset({'spaghetti', 'pancakes'})",frozenset({'mineral water'}),0.0252,0.23826666666666665,0.011466666666666667,0.455026455026455,1.9097361011183058,0.005462346666666667,1.3977436893203883
frozenset({'mineral water'}),"frozenset({'spaghetti', 'pancakes'})",0.23826666666666665,0.0252,0.011466666666666667,0.04812534974818131,1.909736101118306,0.005462346666666667,1.0240844209288653
frozenset({'spaghetti'}),"frozenset({'mineral water', 'pancakes'})",0.17413333333333333,0.03373333333333333,0.011466666666666667,0.06584992343032159,1.9520728289621025,0.00559256888888889,1.0343805464480875
frozenset({'pancakes'}),"frozenset({'mineral water', 'spaghetti'})",0.09506666666666666,0.05973333333333333,0.011466666666666667,0.120617110799439,2.0192596674013226,0.005788017777777778,1.06923466241361
